confidence,creativity,leadership,social,patience,risk_taking,communication,teamwork,personality
9,9,9,8,6,8,9,8,Leader
8,9,8,9,5,8,9,7,Creative
7,8,7,9,7,6,9,9,Social
5,6,5,6,9,3,6,9,Calm
9,7,9,8,6,9,8,7,Leader
6,9,6,8,5,7,9,6,Creative
7,8,6,9,7,5,8,9,Social
4,5,4,5,10,2,5,10,Calm
9,8,10,7,6,9,9,8,Leader
8,10,7,9,5,8,10,7,Creative
6,8,6,10,7,5,9,9,Social
5,5,5,4,9,3,6,8,Calm
10,8,9,8,5,9,9,8,Leader
8,9,7,8,6,7,9,7,Creative
7,8,7,10,7,6,9,10,Social
4,6,4,5,10,2,6,9,Calm
9,7,10,7,6,10,8,8,Leader
8,10,8,9,5,8,10,7,Creative
7,9,6,10,6,5,9,9,Social
5,5,5,6,9,3,6,9,Calm